insert into users(id,first_name,last_name,email,password,image,role)
values (1,'Abdumalik','Turatbek uulu','asanbekovmalik2@gmail.com', '$2a$12$6RFdM5bwOFsWmbrD8Z4u5u/VcEyRTebNBbFcHbMEcOe1MupujUrPS',  'https://ichef.bbci.co.uk/news/976/cpsprodpb/3EE0/production/_121269061_getty.jpg','ADMIN'),
       (2,'Matmusa','Abduvohob uulu','admin@gmail.com','$2a$12$7LhVCZDPWuzl9jOAjm2plu.BYusL3s3QTlIf.HaYVRKITNtC3zqvW', 'https://kartinkof.club/uploads/posts/2022-05/1653229464_15-kartinkof-club-p-kartinki-privet-dzhamshut-15.png','ADMIN'),
       (3,'Lira','Kanatova','lira@gmail.com', '$2a$12$N8/R3Q04xhEAhZ1vWcaQquLn3nDE5V8xwPApuBndhKNUUCr.mljf.',  'https://o-tendencii.com/uploads/posts/2022-02/1644707103_35-o-tendencii-com-p-obraz-natsionalnaya-odezhda-kirgizii-zhens-38.jpg','ADMIN'),
       (4,'Adilet','Islambek uulu','adilet@gmail.com', '$2a$12$xYXRx6kjHtxqb0sV1jLrh.WrcfmoVazuwqLY1YmVjHlGjcHroICVO',  'https://biogr.net/wp-content/uploads/2022/02/63463463.jpg','ADMIN'),
       (5,'Manas','Abdugani uulu','manas@gmail.com', '$2a$12$egcK6uZ5RlHPgEzEEczyM.VVX33yCsgyH2Kdw4m.lJk7Bl2pnE39.',  'https://kai.kg/public/images/2021/12/1638521287.png','ADMIN'),
       (6,'Ruslan','Manas uulu','rusi.studio.kgz@gmail.com', '$2a$12$gXZ4PqsbtIRLo3jzhYbEuu4buoTi6QuNDziF9Wbv5IOL0s8k2BnbO',  'https://fikiwiki.com/uploads/posts/2022-02/1644971529_1-fikiwiki-com-p-smeshnie-kartinki-muzhchin-1.jpg','ADMIN'),
       (7,'Gulira','Abdukerim','gulira.abdukerimkyzy.jk@gmail.com', '$2a$12$2iwD0wgV3wXR6s5NUo5UN./cL.IT.5WIJBJFL14Y.NQvPw20UEejm',  'https://uhd.name/uploads/posts/2022-09/1662489129_2-uhd-name-p-odezhda-iz-kirgizii-devushka-pinterest-2.jpg','ADMIN'),
       (8,'Aizat','Duiheeva','aizat@gmail.com', '$2a$12$UARP9TLJMXtcEMGcPqhdQu3cmKgbLWVujV5EBqXzvVT8j119gBh9a',  'https://almode.ru/uploads/posts/2021-03/thumbs/1615893140_3-p-natsionalnaya-odezhda-v-kirgizii-7.jpg','ADMIN'),
       (9,'Sanjar','Abdimomunov','sanjar@gmail.com', '$2a$12$cHRllZJmiH1BRFS9YRBDHO7TkiKaN4yysFA2tXmGqb/ugiGRBQIPO',  'https://weblinks.ru/wp-content/uploads/2022/11/1-4.jpeg','ADMIN'),
       (10,'Davran','Joldoshbaev','davran@gmail.com', '$2a$12$p8SDxF12xsfCFPnjDJFlQebSSGetlVCCUFxGFeuJ2gzm1uO9Tvk3O',  'https://png.pngtree.com/png-clipart/20210502/original/pngtree-fashion-male-wearing-a-charming-model-png-image_6257513.jpg','ADMIN'),
       (11,'Baytik','Taalaybekov','baytik@gmail.com', '$2a$12$1gAJqZKNNmVwRVPAP8460.MUpIR93N9mtBEzXRMM1BUc1dW287K82',  'https://galerey-room.ru/images/0_93fb1_e0e3eb0e_L.jpeg','ADMIN'),
       (12,'Aigerim','Bektenova','aigerim@gmail.com', '$2a$12$C0L/gxMnQ.xy.kW.GHsPZ.idzgmcAmS1qnJ1FQvO9u02KEFZ8Ftie',  'https://i.pinimg.com/236x/70/77/42/7077420010cddb55f03e972727e14e42.jpg','ADMIN'),
       (13,'Kanikey','Akjoltoy ','kanikey@gmail.com', '$2a$12$.RVGGU9E.9zo/aYNobfxVe6JS6EjKdL6kQrQuXEUk18D/RQDX1KxO',  'https://i.pinimg.com/originals/92/8b/6b/928b6bc590245ef02410224f5cb657a1.jpg','ADMIN'),
       (14,'Salimbek','Hadjakeldiev','salimbek@gmail.com', '$2a$12$lFrKvKznE4AWCLpn/77VQe8babr9vPimOa6iQu4qnV1hNjTd1R.wq',  'https://pibig.info/uploads/posts/2022-11/1669419936_1-pibig-info-p-siluet-muzhchini-krasivo-1.jpg','ADMIN'),
       (15,'Akkayn','Ruslan uulu','akkayn@gmail.com', '$2a$12$I1WJ3pWJDoBCHsr2cCLOvevKmTTWzJDUXC.IWcORU5KZymezW034C',  'https://w7.pngwing.com/pngs/698/726/png-transparent-graphy-male-taxi-driver-miscellaneous-photography-transport-thumbnail.png','ADMIN');


insert into work_spaces(id,name,admin_id,created_date)
values (1,'Taigan',1,now()),
       (2,'LMS',2,now()),
       (3,'Gadgetarium',3,now()),
       (4,'AirBnb',4,now()),
       (5,'Legend',5,now()),
       (6,'NASA',6,now()),
       (7,'Tesla',7,now()),
       (8,'ᏤᎪᏒᎶᎪᏚ',8,now()),
       (9,'ᴏtσͷɢ乂',9,now()),
       (10,'ʜᴇᴀᴅsʜᴏᴛ',10,now()),
       (11,'•P£R$£B∆Y∆•',11,now()),
       (12,'AldyyExtece',2,now()),
       (13,'ωαнуυsu',1,now()),
       (14,'Bama.Boy',2,now()),
       (15,'maratha',2,now()),
       (16,'VEŇØM',2,now()),
       (17,'Divâgar',3,now()),
       (18,'Baby°Killer™',3,now()),
       (19,'ᴺᴸsᴇᴠᴇɴ°ᴵᴰ',3,now()),
       (20,'PrettyFreefire',3,now()),
       (21,'B.K.Mästër',3,now()),
       (22,'Shroud',3,now()),
       (23,'Sunny',4,now()),
       (24,'Headhunter',4,now()),
       (25,'Zimmer',4,now()),
       (26,'Doter',4,now()),
       (27,'~Real Man~',5,now()),
       (28,'FlaxPlayer',5,now()),
       (29,'ApostaL',5,now()),
       (30,'MedCheck',5,now());

insert into boards(id,title,back_ground,work_space_id)
values (1,'word','img',1),
       (2,'title','color',2),
       (3,'word','img',3),
       (4,'Cute Escape','color',4),
       (5,'Diamond','img',5),
       (6,'Urban','color',6),
       (7,'Recharge','img',7),
       (8,'Price Grabber','color',8),
       (9,'Spring Ready','img',9),
       (10,'Cloud Nine','img',10),
       (11,'Second Freedom','color',11),
       (12,'Greenvalley','img',2),
       (13,'Plot Twist','img',7),
       (14,'All In One','img',7),
       (15,'First Choice','color',8),
       (16,'Save Happiness','img',8),
       (17,'All-Star','color',9),
       (18,'Preferred Pins','img',9),
       (19,'Fabulous Touch','color',10),
       (20,'Chiff Chaff','img',11),
       (21,'Better World','img',12),
       (22,'Dream Team','color',12),
       (23,'Wolf Mode','img',13),
       (24,'Limitless Flow','img',14),
       (25,'Aesthetic Wallpapers','color',15),
       (26,'Cyber Case','img',16),
       (27,'BlueLight','color',6),
       (28,'Food Lover','img',16),
       (29,'Army','img',17),
       (30,'Fine Dine','color',20);

insert into favorites(id,member_id,board_id,work_space_id)
values (1,5,null,5),
       (2,5,5,null),
       (3,4,null,4),
       (4,4,4,null),
       (5,3,null,3),
       (6,3,3,null),
       (7,1,null,1),
       (8,1,1,null),
       (9,2,null,1),
       (10,2,null,2),
       (11,2,null,3),
       (12,2,null,4),
       (13,2,null,5),
       (14,2,1,null),
       (15,2,2,null),
       (16,2,3,null),
       (17,2,4,null),
       (18,2,5,null);

insert into user_work_space_roles(id,role,member_id,work_space_id)
values (1,'ADMIN',5,5),
       (2,'MEMBER',4,4),
       (3,'ADMIN',3,3),
       (4,'ADMIN',2,2),
       (5,'MEMBER',1,1),
       (6,'ADMIN',6,6),
       (7,'MEMBER',7,7),
       (8,'ADMIN',8,8),
       (9,'MEMBER',9,9),
       (10,'ADMIN',10,10),
       (11,'MEMBER',11,11);

insert into columns(id,title,is_archive,board_id)
values (1,'Done',false,1),
       (2,'Attention',false,2),
       (3,'Done',false,3),
       (4,'Attention',false,4),
       (5,'Progress',false,5),
       (6,'Code rewiue',false,6),
       (7,'KICK BACK',false,7),
       (8,'Done',false,8),
       (9,'Attention',false,9),
       (10,'TODO',false,10),
       (11,'Attention',false,11),
       (12,'Progress',false,12),
       (13,'Attention',false,1),
       (14,'Final',false,5),
       (15,'Attention',false,20),
       (16,'Done',false,2);


insert into cards(id,title,description,is_archive,created_date,column_id,creator_id)
values (1,'title','for work',false,now(),1,1),
       (2,'word','words',false,now(),2,1),
       (3,'title','tasks',false,now(),3,1),
       (4,'word','words',false,now(),4,4),
       (5,'title','words',false,now(),4,2),
       (6,'word','words',false,now(),7,4),
       (7,'title','words',false,now(),9,5),
       (8,'word','words',false,now(),1,2),
       (9,'title','words',false,now(),6,4),
       (10,'word','words',false,now(),9,5),
       (11,'title','words',false,now(),2,3),
       (12,'word','words',false,now(),12,3),
       (13,'title','words',false,now(),10,5),
       (14,'word','words',false,now(),15,2),
       (15,'title','words',false,now(),3,4),
       (16,'word','words',false,now(),2,2),
       (17,'title','words',false,now(),7,2),
       (18,'word','words',false,now(),5,5);

insert into notifications(id,text,image,type,is_read,created_date,card_id)
values (1,'batyraak bol','img','MOVE',false,now(),2),
       (2,'vnimanie','img','MOVE',false,now(),1),
       (3,'vas dobavili','img','ASSIGN',false,now(),3),
       (4,'pravilno','img','REMINDER',false,now(),4),
       (5,'normalno','img','REMINDER',false,now(),5);

insert into labels(id,color,label_name)
values (1,'Green','Done'),
       (2,'Red','Attention'),
       (3,'Blue','Attention'),
       (4,'Orange','Attention'),
       (5,'Green','Done');

insert into check_lists(id,percent,title,card_id)
values (1,10,'writing',1),
       (2,20,'character',2),
       (3,30,'reading',3),
       (4,40,'writing',4),
       (5,70,'task',5);

insert into comments(id,comment,created_date,card_id,member_id)
  values (1,'Kachan butot',now(),1,1),
         (2,'Tuura emesko brat',now(),2,2),
         (3,'tutorial please',now(),3,3),
         (4,'Harosh',now(),4,4),
         (5,'Good job',now(),5,5);

insert into estimations(id,reminder_type,start_date,due_date,start_time,time,notification_time,card_id)
values (1,'NONE','2023-07-10T10:30:00+03:00','2023-07-11T10:30:00+03:00','2023-07-11T10:30:00+03:00','2023-07-11T10:30:00+03:00','2023-07-11T10:30:00+03:00',1),
       (2,'FIVE_MINUTE','2023-07-09T10:30:00+03:00','2023-07-10T10:30:00+03:00','2023-07-10T10:30:00+03:00','2023-07-11T10:30:00+03:00','2023-07-11T10:30:00+03:00',2),
       (3,'TEN_MINUTE','2023-07-08T10:30:00+03:00','2023-07-09T10:30:00+03:00','2023-07-09T10:30:00+03:00','2023-07-11T10:30:00+03:00','2023-07-11T10:30:00+03:00',3),
       (4,'FIFTEEN_MINUTE','2023-07-07T10:30:00+03:00','2023-07-08T10:30:00+03:00','2023-07-08T10:30:00+03:00','2023-07-11T10:30:00+03:00','2023-07-11T10:30:00+03:00',4),
       (5,'THIRD_MINUTE','2023-07-06T10:30:00+03:00','2023-07-07T10:30:00+03:00','2023-07-07T10:30:00+03:00','2023-07-11T10:30:00+03:00','2023-07-11T10:30:00+03:00',5);

insert into items(id,is_done,title,check_list_id)
values (1,false,'word',1),
       (2,false,'read',2),
       (3,false,'word',3),
       (4,false,'read',4),
       (5,false,'word',5);

insert into attachments(id,created_at,document_link,card_id)
values (1,now(),'link',1),
       (2,now(),'link',2),
       (3,now(),'link',3),
       (4,now(),'link',4),
       (5,now(),'link',5);

insert into users_work_spaces(members_id,work_spaces_id)
values (1,1),
       (7,7),
       (8,8),
       (9,9),
       (10,10),
       (11,11),
       (2,2),
       (2,12),
       (2,13),
       (2,14),
       (2,15),
       (2,16),
       (3,3),
       (3,17),
       (3,18),
       (3,19),
       (3,20),
       (3,21),
       (3,22),
       (4,4),
       (5,5),
       (4,23),
       (4,24),
       (4,25),
       (4,26),
       (6,6),
       (5,27),
       (5,28),
       (5,29),
       (5,30);

insert into notifications_members(notifications_id,members_id)
values (1,1),
       (2,2),
       (3,3),
       (4,4),
       (5,5),
       (6,6),
       (7,7),
       (8,8),
       (9,9),
       (10,10),
       (11,11);

insert into labels_cards(cards_id,labels_id)
values (1,1),
       (2,2),
       (3,3),
       (4,4),
       (5,5),
       (6,6),
       (7,7),
       (8,8),
       (9,9),
       (10,10),
       (11,11);

insert into columns_members(columns_id,members_id)
values (1,1),
       (2,2),
       (3,3),
       (4,4),
       (5,5),
       (6,6),
       (7,7),
       (8,8),
       (9,9),
       (10,10),
       (11,11);

insert into cards_members(cards_id,members_id)
values (1,1),
       (2,2),
       (3,3),
       (4,4),
       (5,5),
       (6,6),
       (7,7),
       (8,8),
       (9,9),
       (10,10),
       (11,11);

insert into boards_members(boards_id,members_id)
values (1,1),
       (2,2),
       (3,3),
       (4,4),
       (5,5),
       (6,6),
       (7,7),
       (8,8),
       (9,9),
       (10,10),
       (11,11);