insert into users(id,first_name,last_name,email,password,image,role)
values (1,'Abdumalik','Turatbek uulu','asanbekovmalik2@gmail.com', '$2a$12$6RFdM5bwOFsWmbrD8Z4u5u/VcEyRTebNBbFcHbMEcOe1MupujUrPS',  'https://ichef.bbci.co.uk/news/976/cpsprodpb/3EE0/production/_121269061_getty.jpg','ADMIN'),
       (2,'Matmusa','Abduvohob uulu','admin@gmail.com', '$2a$12$sXb9HkBhXH8IpmYY05Dbm.UFYN1nPi8Gghye68nWreDd3iaeVGW9a',  'https://www.brend.uz/upload_files/news/567135ea55997.jpg','ADMIN'),
       (3,'Lira','Kanaatova','lira.kanaatova.ch@gmail.com', '$2a$12$N8/R3Q04xhEAhZ1vWcaQquLn3nDE5V8xwPApuBndhKNUUCr.mljf.',  'https://images.squarespace-cdn.com/content/v1/61b76cc1f6acc75c4a875e90/ad0f8b40-9936-4b7a-931b-f4f9b2da0b47/output-onlinepngtools.png','ADMIN'),
       (4,'Adilet','Islambek uulu','adilet@gmail.com', '$2a$12$xYXRx6kjHtxqb0sV1jLrh.WrcfmoVazuwqLY1YmVjHlGjcHroICVO',  'https://biogr.net/wp-content/uploads/2022/02/63463463.jpg','ADMIN'),
       (5,'Zhakshylyk','Nasipbekov','zhakshylyk@gmail.com', '$2a$12$BBJ9p17PTrDcYm8xg95c..uZ086hgUU1n8AfZCe7fxlLkA.f0B3Ey',  'https://images.unsplash.com/photo-1552642986-ccb41e7059e7?ixlib=rb-4.0.3&ixid=M3wxMjA3fDB8MHxzZWFyY2h8Mnx8aGFuZHNvbWUlMjBtYW58ZW58MHx8MHx8fDA%3D&w=1000&q=80','ADMIN'),
       (6,'Ali','Alibekov','ali@gmail.com', '$2a$12$mO6f4OKArx529mkiX2mYOOqtcARIXElCouW4.QQapyVBxL4hQdsFe',  'https://image.shutterstock.com/image-photo/successful-caucasian-young-man-student-260nw-2141124049.jpg','ADMIN'),
       (7,'Amirbek','Amiraev','amirbek@gmail.com', '$2a$12$ZBX/HJHx6yRD2PyUIeHVcubuioMoqQ78kabWi81r0OSfXmg30kcqW',  'https://encrypted-tbn0.gstatic.com/images?q=tbn:ANd9GcTLmBcZgXE7aY1wS2wD0TEmoFYa25w3QwcFSg&usqp=CAU','ADMIN'),
       (8,'Bekzat','Bekzatov','bekzat@gmail.com', '$2a$12$GIgHW1PN4j2NPZR/8Tp/KeHerz0p4MXvWfHchX2MzQwyoMl8AVWmO',  'https://encrypted-tbn0.gstatic.com/images?q=tbn:ANd9GcRxMVkrVTAH-IlmlnuaBTv6UI7rVcQKJMeBmg&usqp=CAU','ADMIN'),
       (9,'Aiturgan','Aiturganova','aiturgan@gmail.com', '$2a$12$KF3Mi0S57gPb2lZmrKy7muxM6HNkHltk.Cotd1pD3JxgYrZat6UVi',  'https://img.freepik.com/free-photo/young-beautiful-woman-pink-warm-sweater-natural-look-smiling-portrait-isolated-long-hair_285396-896.jpg','ADMIN'),
       (10,'Manas','Abdugani uulu','manas@gmail.com', '$2a$12$egcK6uZ5RlHPgEzEEczyM.VVX33yCsgyH2Kdw4m.lJk7Bl2pnE39.',  'https://kai.kg/public/images/2021/12/1638521287.png','ADMIN');

insert into work_spaces(id,name,admin_id,created_date)
values (1,'Taigan',1,now()),
       (2,'LMS',2,now()),
       (3,'Gadgetarium',3,now()),
       (4,'AirBnb',4,now()),
       (5,'Legend',4,now()),
       (6,'NASA',5,now()),
       (7,'Tesla',1,now()),
       (8,'ᏤᎪᏒᎶᎪᏚ',1,now()),
       (9,'ᴏtσͷɢ乂',1,now()),
       (10,'ʜᴇᴀᴅsʜᴏᴛ',1,now()),
       (11,'•P£R$£B∆Y∆•',1,now()),
       (12,'AldyyExtece',2,now()),
       (13,'ωαнуυsu',2,now()),
       (14,'Bama.Boy',2,now()),
       (15,'maratha',2,now()),
       (16,'VEŇØM',2,now()),
       (17,'Divâgar',3,now()),
       (18,'Baby°Killer™',3,now()),
       (19,'ᴺᴸsᴇᴠᴇɴ°ᴵᴰ',3,now()),
       (20,'PrettyFreefire',3,now()),
       (21,'B.K.Mästër',3,now()),
       (22,'Shroud',3,now()),
       (23,'Sunny',4,now()),
       (24,'Headhunter',4,now()),
       (25,'Zimmer',4,now()),
       (26,'Doter',4,now()),
       (27,'~Real Man~',5,now()),
       (28,'FlaxPlayer',5,now()),
       (29,'ApostaL',5,now()),
       (30,'MedCheck',5,now());

insert into boards(id,title,back_ground,work_space_id)
values (1,'word','img',1),
       (2,'title','color',2),
       (3,'word','img',3),
       (4,'Cute Escape','color',4),
       (5,'Diamond','img',5),
       (6,'Urban','color',1),
       (7,'Recharge','img',1),
       (8,'Price Grabber','color',5),
       (9,'Spring Ready','img',6),
       (10,'Cloud Nine','img',5),
       (11,'Second Freedom','color',2),
       (12,'Greenvalley','img',2),
       (13,'Plot Twist','img',7),
       (14,'All In One','img',7),
       (15,'First Choice','color',8),
       (16,'Save Happiness','img',8),
       (17,'All-Star','color',9),
       (18,'Preferred Pins','img',9),
       (19,'Fabulous Touch','color',10),
       (20,'Chiff Chaff','img',11),
       (21,'Better World','img',12),
       (22,'Dream Team','color',12),
       (23,'Wolf Mode','img',13),
       (24,'Limitless Flow','img',14),
       (25,'Aesthetic Wallpapers','color',15),
       (26,'Cyber Case','img',16),
       (27,'BlueLight','color',6),
       (28,'Food Lover','img',16),
       (29,'Army','img',17),
       (30,'Fine Dine','color',20);

insert into favorites(id,member_id,board_id,work_space_id)
values (1,5,null,5),
       (2,5,5,null),
       (3,4,null,4),
       (4,4,4,null),
       (5,3,null,3),
       (6,3,3,null),
       (7,1,null,1),
       (8,1,1,null),
       (9,2,null,1),
       (10,2,null,2),
       (11,2,null,3),
       (12,2,null,4),
       (13,2,null,5),
       (14,2,1,null),
       (15,2,2,null),
       (16,2,3,null),
       (17,2,4,null),
       (18,2,5,null);

insert into user_work_space_roles(id,role,member_id,work_space_id)
values (1,'ADMIN',5,5),
       (2,'MEMBER',4,5),
       (3,'ADMIN',3,5),
       (4,'MEMBER',2,5),
       (5,'ADMIN',1,5),
       (6,'MEMBER',6,5),
       (7,'ADMIN',7,5),
       (8,'MEMBER',8,5),
       (9,'ADMIN',9,5),
       (10,'MEMBER',10,5),
       (11,'ADMIN',1,4),
       (12,'MEMBER',2,4),
       (13,'ADMIN',3,4),
       (14,'MEMBER',4,4),
       (15,'ADMIN',5,4),
       (16,'MEMBER',6,4),
       (17,'ADMIN',7,4),
       (18,'MEMBER',8,4),
       (19,'ADMIN',9,4),
       (20,'MEMBER',10,4),
       (21,'ADMIN',1,3),
       (22,'MEMBER',2,3),
       (23,'ADMIN',3,3),
       (24,'MEMBER',4,3),
       (25,'ADMIN',5,3),
       (26,'MEMBER',6,3),
       (27,'ADMIN',7,3),
       (28,'MEMBER',8,3),
       (29,'ADMIN',9,3),
       (30,'MEMBER',10,3),
       (31,'ADMIN',1,2),
       (32,'MEMBER',2,2),
       (33,'ADMIN',3,2),
       (34,'MEMBER',4,2),
       (35,'ADMIN',5,2),
       (36,'MEMBER',6,2),
       (37,'ADMIN',7,2),
       (38,'MEMBER',8,2),
       (39,'ADMIN',9,2),
       (40,'MEMBER',10,2),
       (41,'ADMIN',1,1),
       (42,'MEMBER',2,1),
       (43,'ADMIN',3,1),
       (44,'MEMBER',4,1),
       (45,'ADMIN',5,1),
       (46,'MEMBER',6,1),
       (47,'ADMIN',7,1),
       (48,'MEMBER',8,1),
       (49,'ADMIN',9,1),
       (50,'MEMBER',10,1);

insert into columns(id,title,is_archive,board_id)
values (1,'Todo',false,1),
       (2,'Attention',false,1),
       (3,'Todo',false,1),
       (4,'Attention',false,1),
       (5,'Todo',false,1),
       (6,'Attention',false,2),
       (7,'Todo',false,2),
       (8,'Attention',false,2),
       (9,'Todo',false,2),
       (10,'Attention',false,3),
       (11,'Todo',false,3),
       (12,'Attention',false,3),
       (13,'Todo',false,3),
       (14,'Attention',false,4),
       (15,'Todo',false,4),
       (16,'Attention',false,4),
       (17,'Todo',false,4),
       (18,'Attention',false,4),
       (19,'Todo',false,5),
       (20,'Attention',false,5),
       (21,'Todo',false,5),
       (22,'Attention',false,5),
       (23,'Todo',false,5),
       (24,'Attention',false,5),
       (25,'Todo',false,6);

insert into cards(id,title,description,is_archive,created_date,column_id,creator_id)
values (1,'title','for work',false,now(),1,1),
       (2,'word','words',false,now(),1,1),
       (3,'title','tasks',false,now(),1,1),
       (4,'word','words',false,now(),1,4),
       (5,'title','words',false,now(),2,2),
       (6,'word','words',false,now(),2,4),
       (7,'title','words',false,now(),2,5),
       (8,'word','words',false,now(),2,2),
       (9,'title','words',false,now(),3,4),
       (10,'word','words',false,now(),3,5),
       (11,'title','words',false,now(),3,3),
       (12,'word','words',false,now(),3,3),
       (13,'title','words',false,now(),4,5),
       (14,'word','words',false,now(),4,2),
       (15,'title','words',false,now(),4,4),
       (16,'word','words',false,now(),4,2),
       (17,'title','words',false,now(),5,2),
       (18,'word','words',false,now(),5,2),
       (19,'title','words',false,now(),5,2),
       (20,'word','words',false,now(),5,5);

insert into notifications(id,text,type,is_read,created_date,card_id,board_id,column_id,from_user_id)
values (1,'batyraak bol','MOVE',false,now(),2,2,2,2),
       (2,'vnimanie','MOVE',false,now(),1,1,1,1),
       (3,'vas dobavili','ASSIGN',false,now(),3,3,3,3),
       (4,'pravilno','ASSIGN',false,now(),4,4,4,4),
       (5,'normalno','REMINDER',false,now(),5,5,5,5);

insert into labels(id,color,label_name)
values (1,'Green','Done'),
       (2,'Red','Attention'),
       (3,'Blue','KICK BACK'),
       (4,'Yellow','TODO'),
       (5,'Orange','Code rewiue'),
       (6,'Black','Final');

insert into check_lists(id,percent,title,card_id)
values (1,10,'writing',1),
       (2,20,'character',2),
       (3,30,'reading',3),
       (4,40,'writing',4),
       (5,70,'task',5);

insert into comments(id,comment,created_date,card_id,member_id)
  values (1,'Kachan butot',now(),1,1),
         (2,'Tuura emesko brat',now(),2,2),
         (3,'tutorial please',now(),3,3),
         (4,'Harosh',now(),4,4),
         (5,'Good job',now(),5,5);

insert into estimations(id,reminder_type,start_date,due_date,start_time,time,notification_time,card_id)
values (1,'NONE','2023-07-10T10:30:00+03:00','2023-07-11T10:30:00+03:00','2023-07-11T10:30:00+03:00','2023-07-11T10:30:00+03:00','2023-09-02T02:06:23.248+06:00',1),
       (2,'FIVE_MINUTE','2023-07-09T10:30:00+03:00','2023-07-10T10:30:00+03:00','2023-07-10T10:30:00+03:00','2023-07-11T10:30:00+03:00','2023-07-11T10:30:00+03:00',2),
       (3,'TEN_MINUTE','2023-07-08T10:30:00+03:00','2023-07-09T10:30:00+03:00','2023-07-09T10:30:00+03:00','2023-07-11T10:30:00+03:00','2023-07-11T10:30:00+03:00',3),
       (4,'FIFTEEN_MINUTE','2023-07-07T10:30:00+03:00','2023-07-08T10:30:00+03:00','2023-07-08T10:30:00+03:00','2023-07-11T10:30:00+03:00','2023-07-11T10:30:00+03:00',4),
       (5,'THIRD_MINUTE','2023-07-06T10:30:00+03:00','2023-07-07T10:30:00+03:00','2023-07-07T10:30:00+03:00','2023-07-11T10:30:00+03:00','2023-07-11T10:30:00+03:00',5);

insert into items(id,is_done,title,check_list_id)
values (1,false,'word',1),
       (2,false,'read',2),
       (3,false,'word',3),
       (4,false,'read',4),
       (5,false,'word',5);

insert into attachments(id,created_at,document_link,card_id)
values (1,now(),'link',1),
       (2,now(),'link',2),
       (3,now(),'link',3),
       (4,now(),'link',4),
       (5,now(),'link',5);

insert into users_work_spaces(members_id,work_spaces_id)
values (5,5),
       (4,5),
       (3,5),
       (2,5),
       (1,5),
       (6,5),
       (7,5),
       (8,5),
       (9,5),
       (10,5),
       (1,4),
       (2,4),
       (3,4),
       (4,4),
       (5,4),
       (6,4),
       (7,4),
       (8,4),
       (9,4),
       (10,4),
       (1,3),
       (2,3),
       (3,3),
       (4,3),
       (5,3),
       (6,3),
       (7,3),
       (8,3),
       (9,3),
       (10,3),
       (1,2),
       (2,2),
       (3,2),
       (4,2),
       (5,2),
       (6,2),
       (7,2),
       (8,2),
       (9,2),
       (10,2),
       (1,1),
       (2,1),
       (3,1),
       (4,1),
       (5,1),
       (6,1),
       (7,1),
       (8,1),
       (9,1),
       (10,1);

insert into notifications_members(notifications_id,members_id)
values (1,1),
       (2,2),
       (3,3),
       (4,4),
       (5,5);

insert into labels_cards(cards_id,labels_id)
values (1,1),
       (1,2),
       (1,3),
       (1,4),
       (1,5),
       (1,6),
       (2,1),
       (2,2),
       (2,3),
       (2,4),
       (2,5),
       (2,6),
       (3,1),
       (3,2),
       (3,3),
       (3,4),
       (3,5),
       (3,6),
       (4,1),
       (4,2),
       (4,3),
       (4,4),
       (4,5),
       (4,6),
       (5,1),
       (5,2),
       (5,3),
       (5,4),
       (5,5),
       (5,6),
       (6,1),
       (6,2),
       (6,3),
       (6,4),
       (6,5),
       (6,6),
       (7,1),
       (7,2),
       (7,3),
       (7,4),
       (7,5),
       (7,6),
       (8,1),
       (8,2),
       (8,3),
       (8,4),
       (8,5),
       (8,6),
       (9,1),
       (9,2),
       (9,3),
       (9,4),
       (9,5),
       (9,6),
       (10,1),
       (10,2),
       (10,3),
       (10,4),
       (10,5),
       (10,6);

insert into columns_members(columns_id,members_id)
values (1,1),
       (2,2),
       (3,3),
       (4,4),
       (5,5);

insert into cards_members(cards_id,members_id)
values (1,1),
       (1,2),
       (1,3),
       (1,4),
       (1,5),
       (1,6),
       (1,7),
       (1,8),
       (1,9),
       (1,10),
       (2,1),
       (2,2),
       (2,3),
       (2,4),
       (2,5),
       (2,6),
       (2,7),
       (2,8),
       (2,9),
       (2,10),
       (3,1),
       (3,2),
       (3,3),
       (3,4),
       (3,5),
       (3,6),
       (3,7),
       (3,8),
       (3,9),
       (3,10),
       (4,1),
       (4,2),
       (4,3),
       (4,4),
       (4,5),
       (4,6),
       (4,7),
       (4,8),
       (4,9),
       (4,10),
       (5,1),
       (5,2),
       (5,3),
       (5,4),
       (5,5),
       (5,6),
       (5,7),
       (5,8),
       (5,9),
       (5,10),
       (6,1),
       (6,2),
       (6,3),
       (6,4),
       (6,5),
       (6,6),
       (6,7),
       (6,8),
       (6,9),
       (6,10),
       (7,1),
       (7,2),
       (7,3),
       (7,4),
       (7,5),
       (7,6),
       (7,7),
       (7,8),
       (7,9),
       (7,10),
       (8,1),
       (8,2),
       (8,3),
       (8,4),
       (8,5),
       (8,6),
       (8,7),
       (8,8),
       (8,9),
       (8,10),
       (9,1),
       (9,2),
       (9,3),
       (9,4),
       (9,5),
       (9,6),
       (9,7),
       (9,8),
       (9,9),
       (9,10),
       (10,1),
       (10,2),
       (10,3),
       (10,4),
       (10,5),
       (10,6),
       (10,7),
       (10,8),
       (10,9),
       (10,10),
       (11,1),
       (11,2),
       (11,3),
       (11,4),
       (11,5),
       (11,6),
       (11,7),
       (11,8),
       (11,9),
       (11,10),
       (12,1),
       (12,2),
       (12,3),
       (12,4),
       (12,5),
       (12,6),
       (12,7),
       (12,8),
       (12,9),
       (12,10),
       (13,1),
       (13,2),
       (13,3),
       (13,4),
       (13,5),
       (13,6),
       (13,7),
       (13,8),
       (13,9),
       (13,10),
       (14,1),
       (14,2),
       (14,3),
       (14,4),
       (14,5),
       (14,6),
       (14,7),
       (14,8),
       (14,9),
       (14,10),
       (15,1),
       (15,2),
       (15,3),
       (15,4),
       (15,5),
       (15,6),
       (15,7),
       (15,8),
       (15,9),
       (15,10),
       (16,1),
       (16,2),
       (16,3),
       (16,4),
       (16,5),
       (16,6),
       (16,7),
       (16,8),
       (16,9),
       (16,10),
       (17,1),
       (17,2),
       (17,3),
       (17,4),
       (17,5),
       (17,6),
       (17,7),
       (17,8),
       (17,9),
       (17,10),
       (18,1),
       (18,2),
       (18,3),
       (18,4),
       (18,5),
       (18,6),
       (18,7),
       (18,8),
       (18,9),
       (18,10),
       (19,1),
       (19,2),
       (19,3),
       (19,4),
       (19,5),
       (19,6),
       (19,7),
       (19,8),
       (19,9),
       (19,10),
       (20,1),
       (20,2),
       (20,3),
       (20,4),
       (20,5),
       (20,6),
       (20,7),
       (20,8),
       (20,9),
       (20,10);

insert into boards_members(boards_id,members_id)
values (1,1),
       (2,2),
       (3,3),
       (4,4),
       (5,5),
       (6,1),
       (7,1),
       (8,5),
       (10,5),
       (11,2),
       (12,2);